URL_name,Issue_date,Expire_Date,Expire_Month,Expire_Year,Common_name
https://console-openshift-console.apps.iod-vct-qa.volvocars.net/,2024-12-12,2025-12-12,12,2025,*.apps.iod-vct-qa.volvocars.net
https://console-openshift-console.apps.iod-vct.volvocars.net/,2025-01-24,2026-01-24,01,2026,*.apps.iod-vct.volvocars.net
https://console-openshift-console.apps.iod-vccd-qa.volvocars.net/,2024-05-08,2025-06-08,06,2025,*.apps.iod-vccd-qa.volvocars.net
https://console-openshift-console.apps.iod-vccd.volvocars.net/,2024-05-23,2025-06-23,06,2025,*.apps.iod-vccd.volvocars.net
https://console-openshift-console.apps.iod-vcg-qa.volvocars.net/,2024-08-08,2025-09-08,09,2025,*.apps.iod-vcg-qa.volvocars.net
https://console-openshift-console.apps.iod-vcg.volvocars.net/,2024-08-23,2025-09-23,09,2025,*.apps.iod-vcg.volvocars.net
https://console-openshift-console.apps.iod-vcdq-qa.volvocars.net,2024-08-08,2025-09-08,09,2025,*.apps.iod-vcdq-qa.volvocars.net
https://console-openshift-console.apps.iod-vcdq.volvocars.net,2024-08-08,2025-09-08,09,2025,*.apps.iod-vcdq.volvocars.net
https://console.openshift-console.apps.sandbox-net.sandbox.volvocars.net,ERROR,ERROR,,,*.apps.iod-vcdq.volvocars.net
https://console-openshift-console.apps.iod-vclq-qa.volvocars.net/,2024-10-01,2025-10-01,10,2025,*.apps.iod-vclq-qa.volvocars.net
https://console-openshift-console.apps.iod-vclq.volvocars.net/,2024-10-04,2025-10-04,10,2025,*.apps.iod-vclq.volvocars.net
https://console-openshift-console.apps.iod-vcch-qa.volvocars.net/,2024-10-18,2025-10-18,10,2025,*.apps.iod-vcch-qa.volvocars.net
https://console-openshift-console.apps.iod-vcch.volvocars.net/,2024-10-18,2025-10-18,10,2025,*.apps.iod-vcch.volvocars.net
https://console-openshift-console.apps.pie-nonprod.volvocars.biz/,2024-12-11,2025-12-11,12,2025,*.apps.pie-nonprod.volvocars.biz
https://console-openshift-console.apps.pie-prod.volvocars.biz,2025-02-27,2026-02-27,02,2026,*.apps.pie-prod.volvocars.biz
https://console-openshift-console.apps.ocp-shared-v1-nonprod.volvocars.biz,2025-03-20,2026-03-20,03,2026,*.apps.ocp-shared-v1-nonprod.volvocars.biz
https://console-openshift-console.apps.ocp-shared-v1-prod.volvocars.biz/,2025-04-08,2026-04-08,04,2026,*.apps.ocp-shared-v1-prod.volvocars.biz
https://console-openshift-console.apps.carservice-nonprod.volvocars.biz/,2024-08-09,2025-09-09,09,2025,*.apps.carservice-nonprod.volvocars.biz
https://console-openshift-console.apps.carservice-prod.volvocars.biz/,2024-08-08,2025-09-08,09,2025,*.apps.carservice-prod.volvocars.biz
https://console-openshift-console.apps.iod-vcpc-qa.volvocars.net/,ERROR,ERROR,,,*.apps.carservice-prod.volvocars.biz
https://console-openshift-console.apps.iod-vcpc.volvocars.net/,ERROR,ERROR,,,*.apps.carservice-prod.volvocars.biz
https://console-openshift-console.apps.iod-vcbc.volvocars.net/,2024-05-23,2025-06-23,06,2025,*.apps.iod-vcbc.volvocars.net
https://console-openshift-console.apps.iod-vcbc-qa.volvocars.net/,2025-03-24,2026-03-24,03,2026,*.apps.iod-vcbc-qa.volvocars.net
https://console-openshift-console.apps.iod-vcfl.volvocars.net/,2024-11-23,2025-11-23,11,2025,*.apps.iod-vcfl.volvocars.net
https://console-openshift-console.apps.iod-vcfl-qa.volvocars.net/,2025-05-02,2026-05-02,05,2026,*.apps.iod-vcfl-nonprod.volvocars.net
https://console-openshift-console.apps.iod-vcfl-prod.volvocars.net,ERROR,ERROR,,,*.apps.iod-vcfl-nonprod.volvocars.net
https://console-openshift-console.apps.iod-vcfl-nonprod.volvocars.net/,2025-05-02,2026-05-02,05,2026,*.apps.iod-vcfl-nonprod.volvocars.net
https://console-openshift-console.apps.iod-vct-product.volvocars.net/,2025-02-04,2026-02-04,02,2026,*.apps.iod-vct-product.volvocars.net
https://console-openshift-console.apps.iod-vct-product-qa.volvocars.net/,2024-09-23,2025-09-22,09,2025,*.apps.iod-vct-product-qa.volvocars.net
https://console-openshift-console.apps.shared-azureocp-nonprod.volvocars.biz/,2025-02-03,2026-02-03,02,2026,*.apps.shared-azureocp-nonprod.volvocars.biz
https://console-openshift-console.apps.shared-azureocp-prod.volvocars.biz/,2025-04-14,2026-04-14,04,2026,*.apps.shared-azureocp-prod.volvocars.biz
https://console-openshift-console.apps.ocplus-prod.ocp-mgmt.volvocars.net/,2025-03-31,2026-03-31,03,2026,*.apps.ocplus-prod.ocp-mgmt.volvocars.net
https://console-openshift-console.apps.mq-azureocp-nonprod.volvocars.net/,2025-04-08,2026-04-08,04,2026,*.apps.mq-azureocp-nonprod.volvocars.net
https://console-openshift-console.apps.mq-azureocp-prod.volvocars.net/,2025-04-14,2026-04-14,04,2026,*.apps.mq-azureocp-prod.volvocars.net
https://console-openshift-console.apps.iod-jiading-prod.volvocars.net,2024-07-15,2025-07-22,07,2025,*.apps.iod-jiading-prod.volvocars.net
https://console-openshift-console.apps.iod-jiading-qa.volvocars.net,2024-05-08,2025-06-06,06,2025,*.apps.iod-jiading-qa.volvocars.net
https://console-openshift-console.apps.maximo-nonprod.volvocars.net,2024-05-13,2025-06-13,06,2025,*.apps.maximo-nonprod.volvocars.net
https://console-openshift-console.apps.maximo-prod.volvocars.net/,2024-08-13,2025-08-12,08,2025,*.apps.maximo-prod.volvocars.net
https://console-openshift-console.apps.maximo-training.volvocars.net/,ERROR,ERROR,,,*.apps.maximo-prod.volvocars.net
https://console-openshift-console.apps.maximo-qa.volvocars.net/,2024-11-23,2025-11-23,11,2025,*.apps.maximo-qa.volvocars.net
https://console-openshift-console.apps.maximo-dev.volvocars.net,2024-10-16,2025-10-16,10,2025,*.apps.maximo-dev.volvocars.net
https://console-openshift-console.apps.iod-sandbox.volvocars.net,2025-05-14,2026-05-14,05,2026,*.apps.iod-sandbox.volvocars.net
https://console-openshift-console.apps.cil-azureocp-nonprod.volvocars.biz/,2024-08-12,2025-08-11,08,2025,*.apps.cil-azureocp-nonprod.volvocars.biz
https://console-openshift-console.apps.cil-azureocp-prod.volvocars.biz/,2025-04-02,2026-04-02,04,2026,*.apps.cil-azureocp-prod.volvocars.biz
https://console-openshift-console.apps.observability-nonprod.volvocars.biz,2025-02-07,2026-02-07,02,2026,*.apps.observability-nonprod.volvocars.biz
https://console-openshift-console.apps.observability-prod.volvocars.biz/,2025-02-20,2027-02-20,02,2027,*.apps.observability-prod.volvocars.biz
https://console-openshift-console.apps.turbonomic-prod.volvocars.biz/,2025-03-25,2026-03-25,03,2026,*.apps.turbonomic-prod.volvocars.biz
